-- 2026 NME Masters Pool - Seed Data (90 players, 7 groups)
-- To reset: DELETE FROM tournament_config WHERE id = '00000000-0000-0000-0000-000000000001';

INSERT INTO tournament_config (id, year, name, entry_fee, status) VALUES ('00000000-0000-0000-0000-000000000001', 2026, 'NME Masters Pool', 20.00, 'open');

INSERT INTO groups (id, tournament_id, name, display_order, picks_required) VALUES ('00000000-0000-0000-0000-000000000002', '00000000-0000-0000-0000-000000000001', '1A', 0, 1);
INSERT INTO groups (id, tournament_id, name, display_order, picks_required) VALUES ('00000000-0000-0000-0000-000000000003', '00000000-0000-0000-0000-000000000001', 'A', 1, 2);
INSERT INTO groups (id, tournament_id, name, display_order, picks_required) VALUES ('00000000-0000-0000-0000-000000000004', '00000000-0000-0000-0000-000000000001', 'B', 2, 2);
INSERT INTO groups (id, tournament_id, name, display_order, picks_required) VALUES ('00000000-0000-0000-0000-000000000005', '00000000-0000-0000-0000-000000000001', 'C', 3, 2);
INSERT INTO groups (id, tournament_id, name, display_order, picks_required) VALUES ('00000000-0000-0000-0000-000000000006', '00000000-0000-0000-0000-000000000001', 'D', 4, 2);
INSERT INTO groups (id, tournament_id, name, display_order, picks_required) VALUES ('00000000-0000-0000-0000-000000000007', '00000000-0000-0000-0000-000000000001', 'E', 5, 2);
INSERT INTO groups (id, tournament_id, name, display_order, picks_required) VALUES ('00000000-0000-0000-0000-000000000008', '00000000-0000-0000-0000-000000000001', 'F', 6, 2);

INSERT INTO composition_rules (tournament_id, field_name, field_value, min_count, label) VALUES ('00000000-0000-0000-0000-000000000001', 'region', 'Europe', 2, 'At least 2 from Europe');
INSERT INTO composition_rules (tournament_id, field_name, field_value, min_count, label) VALUES ('00000000-0000-0000-0000-000000000001', 'region', 'International', 2, 'At least 2 from International');
INSERT INTO composition_rules (tournament_id, field_name, field_value, min_count, label) VALUES ('00000000-0000-0000-0000-000000000001', 'age_category', 'Under 30', 2, 'At least 2 under 30');
INSERT INTO composition_rules (tournament_id, field_name, field_value, min_count, label) VALUES ('00000000-0000-0000-0000-000000000001', 'age_category', 'Over 40', 1, 'At least 1 over 40');
INSERT INTO composition_rules (tournament_id, field_name, field_value, min_count, label) VALUES ('00000000-0000-0000-0000-000000000001', 'is_rookie', 'true', 1, 'At least 1 rookie');

INSERT INTO golfers (tournament_id, group_id, name, first_name, last_name, world_ranking, region, age_category, is_rookie, is_amateur) VALUES ('00000000-0000-0000-0000-000000000001', '00000000-0000-0000-0000-000000000002', 'Scottie Scheffler', 'Scottie', 'Scheffler', 1, 'United States', NULL, false, false);
INSERT INTO golfers (tournament_id, group_id, name, first_name, last_name, world_ranking, region, age_category, is_rookie, is_amateur) VALUES ('00000000-0000-0000-0000-000000000001', '00000000-0000-0000-0000-000000000002', 'Rory McIlroy', 'Rory', 'McIlroy', 2, 'Europe', NULL, false, false);
INSERT INTO golfers (tournament_id, group_id, name, first_name, last_name, world_ranking, region, age_category, is_rookie, is_amateur) VALUES ('00000000-0000-0000-0000-000000000001', '00000000-0000-0000-0000-000000000003', 'Cameron Young', 'Cameron', 'Young', 3, 'United States', 'Under 30', false, false);
INSERT INTO golfers (tournament_id, group_id, name, first_name, last_name, world_ranking, region, age_category, is_rookie, is_amateur) VALUES ('00000000-0000-0000-0000-000000000001', '00000000-0000-0000-0000-000000000003', 'Tommy Fleetwood', 'Tommy', 'Fleetwood', 4, 'Europe', NULL, false, false);
INSERT INTO golfers (tournament_id, group_id, name, first_name, last_name, world_ranking, region, age_category, is_rookie, is_amateur) VALUES ('00000000-0000-0000-0000-000000000001', '00000000-0000-0000-0000-000000000003', 'Matt Fitzpatrick', 'Matt', 'Fitzpatrick', 5, 'Europe', NULL, false, false);
INSERT INTO golfers (tournament_id, group_id, name, first_name, last_name, world_ranking, region, age_category, is_rookie, is_amateur) VALUES ('00000000-0000-0000-0000-000000000001', '00000000-0000-0000-0000-000000000003', 'Xander Schauffele', 'Xander', 'Schauffele', 6, 'United States', NULL, false, false);
INSERT INTO golfers (tournament_id, group_id, name, first_name, last_name, world_ranking, region, age_category, is_rookie, is_amateur) VALUES ('00000000-0000-0000-0000-000000000001', '00000000-0000-0000-0000-000000000003', 'Justin Rose', 'Justin', 'Rose', 7, 'Europe', 'Over 40', false, false);
INSERT INTO golfers (tournament_id, group_id, name, first_name, last_name, world_ranking, region, age_category, is_rookie, is_amateur) VALUES ('00000000-0000-0000-0000-000000000001', '00000000-0000-0000-0000-000000000003', 'Collin Morikawa', 'Collin', 'Morikawa', 8, 'United States', 'Under 30', false, false);
INSERT INTO golfers (tournament_id, group_id, name, first_name, last_name, world_ranking, region, age_category, is_rookie, is_amateur) VALUES ('00000000-0000-0000-0000-000000000001', '00000000-0000-0000-0000-000000000003', 'Chris Gotterup', 'Chris', 'Gotterup', 9, 'United States', 'Under 30', true, false);
INSERT INTO golfers (tournament_id, group_id, name, first_name, last_name, world_ranking, region, age_category, is_rookie, is_amateur) VALUES ('00000000-0000-0000-0000-000000000001', '00000000-0000-0000-0000-000000000003', 'Russell Henley', 'Russell', 'Henley', 10, 'United States', NULL, false, false);
INSERT INTO golfers (tournament_id, group_id, name, first_name, last_name, world_ranking, region, age_category, is_rookie, is_amateur) VALUES ('00000000-0000-0000-0000-000000000001', '00000000-0000-0000-0000-000000000003', 'Robert MacIntyre', 'Robert', 'MacIntyre', 11, 'Europe', NULL, false, false);
INSERT INTO golfers (tournament_id, group_id, name, first_name, last_name, world_ranking, region, age_category, is_rookie, is_amateur) VALUES ('00000000-0000-0000-0000-000000000001', '00000000-0000-0000-0000-000000000003', 'Sepp Straka', 'Sepp', 'Straka', 12, 'Europe', NULL, false, false);
INSERT INTO golfers (tournament_id, group_id, name, first_name, last_name, world_ranking, region, age_category, is_rookie, is_amateur) VALUES ('00000000-0000-0000-0000-000000000001', '00000000-0000-0000-0000-000000000003', 'J.J. Spaun', 'J.J.', 'Spaun', 13, 'United States', NULL, false, false);
INSERT INTO golfers (tournament_id, group_id, name, first_name, last_name, world_ranking, region, age_category, is_rookie, is_amateur) VALUES ('00000000-0000-0000-0000-000000000001', '00000000-0000-0000-0000-000000000003', 'Hideki Matsuyama', 'Hideki', 'Matsuyama', 14, 'International', NULL, false, false);
INSERT INTO golfers (tournament_id, group_id, name, first_name, last_name, world_ranking, region, age_category, is_rookie, is_amateur) VALUES ('00000000-0000-0000-0000-000000000001', '00000000-0000-0000-0000-000000000004', 'Justin Thomas', 'Justin', 'Thomas', 15, 'United States', NULL, false, false);
INSERT INTO golfers (tournament_id, group_id, name, first_name, last_name, world_ranking, region, age_category, is_rookie, is_amateur) VALUES ('00000000-0000-0000-0000-000000000001', '00000000-0000-0000-0000-000000000004', 'Ben Griffin', 'Ben', 'Griffin', 16, 'United States', NULL, true, false);
INSERT INTO golfers (tournament_id, group_id, name, first_name, last_name, world_ranking, region, age_category, is_rookie, is_amateur) VALUES ('00000000-0000-0000-0000-000000000001', '00000000-0000-0000-0000-000000000004', 'Jacob Bridgeman', 'Jacob', 'Bridgeman', 17, 'United States', 'Under 30', true, false);
INSERT INTO golfers (tournament_id, group_id, name, first_name, last_name, world_ranking, region, age_category, is_rookie, is_amateur) VALUES ('00000000-0000-0000-0000-000000000001', '00000000-0000-0000-0000-000000000004', 'Ludvig Aberg', 'Ludvig', 'Aberg', 18, 'Europe', 'Under 30', false, false);
INSERT INTO golfers (tournament_id, group_id, name, first_name, last_name, world_ranking, region, age_category, is_rookie, is_amateur) VALUES ('00000000-0000-0000-0000-000000000001', '00000000-0000-0000-0000-000000000004', 'Alex Noren', 'Alex', 'Noren', 19, 'Europe', 'Over 40', false, false);
INSERT INTO golfers (tournament_id, group_id, name, first_name, last_name, world_ranking, region, age_category, is_rookie, is_amateur) VALUES ('00000000-0000-0000-0000-000000000001', '00000000-0000-0000-0000-000000000004', 'Akshay Bhatia', 'Akshay', 'Bhatia', 20, 'United States', 'Under 30', false, false);
INSERT INTO golfers (tournament_id, group_id, name, first_name, last_name, world_ranking, region, age_category, is_rookie, is_amateur) VALUES ('00000000-0000-0000-0000-000000000001', '00000000-0000-0000-0000-000000000004', 'Harris English', 'Harris', 'English', 21, 'United States', NULL, false, false);
INSERT INTO golfers (tournament_id, group_id, name, first_name, last_name, world_ranking, region, age_category, is_rookie, is_amateur) VALUES ('00000000-0000-0000-0000-000000000001', '00000000-0000-0000-0000-000000000004', 'Viktor Hovland', 'Viktor', 'Hovland', 22, 'Europe', 'Under 30', false, false);
INSERT INTO golfers (tournament_id, group_id, name, first_name, last_name, world_ranking, region, age_category, is_rookie, is_amateur) VALUES ('00000000-0000-0000-0000-000000000001', '00000000-0000-0000-0000-000000000004', 'Patrick Reed', 'Patrick', 'Reed', 23, 'United States', NULL, false, false);
INSERT INTO golfers (tournament_id, group_id, name, first_name, last_name, world_ranking, region, age_category, is_rookie, is_amateur) VALUES ('00000000-0000-0000-0000-000000000001', '00000000-0000-0000-0000-000000000004', 'Bryson DeChambeau', 'Bryson', 'DeChambeau', 24, 'United States', NULL, false, false);
INSERT INTO golfers (tournament_id, group_id, name, first_name, last_name, world_ranking, region, age_category, is_rookie, is_amateur) VALUES ('00000000-0000-0000-0000-000000000001', '00000000-0000-0000-0000-000000000004', 'Min Woo Lee', 'Min', 'Woo Lee', 25, 'International', 'Under 30', false, false);
INSERT INTO golfers (tournament_id, group_id, name, first_name, last_name, world_ranking, region, age_category, is_rookie, is_amateur) VALUES ('00000000-0000-0000-0000-000000000001', '00000000-0000-0000-0000-000000000004', 'Keegan Bradley', 'Keegan', 'Bradley', 26, 'United States', NULL, false, false);
INSERT INTO golfers (tournament_id, group_id, name, first_name, last_name, world_ranking, region, age_category, is_rookie, is_amateur) VALUES ('00000000-0000-0000-0000-000000000001', '00000000-0000-0000-0000-000000000004', 'Maverick McNealy', 'Maverick', 'McNealy', 27, 'United States', NULL, false, false);
INSERT INTO golfers (tournament_id, group_id, name, first_name, last_name, world_ranking, region, age_category, is_rookie, is_amateur) VALUES ('00000000-0000-0000-0000-000000000001', '00000000-0000-0000-0000-000000000004', 'Ryan Gerard', 'Ryan', 'Gerard', 28, 'United States', 'Under 30', true, false);
INSERT INTO golfers (tournament_id, group_id, name, first_name, last_name, world_ranking, region, age_category, is_rookie, is_amateur) VALUES ('00000000-0000-0000-0000-000000000001', '00000000-0000-0000-0000-000000000004', 'Jon Rahm', 'Jon', 'Rahm', 29, 'Europe', NULL, false, false);
INSERT INTO golfers (tournament_id, group_id, name, first_name, last_name, world_ranking, region, age_category, is_rookie, is_amateur) VALUES ('00000000-0000-0000-0000-000000000001', '00000000-0000-0000-0000-000000000004', 'Si Woo Kim', 'Si', 'Woo Kim', 30, 'International', NULL, true, false);
INSERT INTO golfers (tournament_id, group_id, name, first_name, last_name, world_ranking, region, age_category, is_rookie, is_amateur) VALUES ('00000000-0000-0000-0000-000000000001', '00000000-0000-0000-0000-000000000005', 'Tyrrell Hatton', 'Tyrrell', 'Hatton', 31, 'Europe', NULL, false, false);
INSERT INTO golfers (tournament_id, group_id, name, first_name, last_name, world_ranking, region, age_category, is_rookie, is_amateur) VALUES ('00000000-0000-0000-0000-000000000001', '00000000-0000-0000-0000-000000000005', 'Shane Lowry', 'Shane', 'Lowry', 32, 'Europe', NULL, false, false);
INSERT INTO golfers (tournament_id, group_id, name, first_name, last_name, world_ranking, region, age_category, is_rookie, is_amateur) VALUES ('00000000-0000-0000-0000-000000000001', '00000000-0000-0000-0000-000000000005', 'Sam Burns', 'Sam', 'Burns', 33, 'United States', NULL, false, false);
INSERT INTO golfers (tournament_id, group_id, name, first_name, last_name, world_ranking, region, age_category, is_rookie, is_amateur) VALUES ('00000000-0000-0000-0000-000000000001', '00000000-0000-0000-0000-000000000005', 'Patrick Cantlay', 'Patrick', 'Cantlay', 34, 'United States', NULL, false, false);
INSERT INTO golfers (tournament_id, group_id, name, first_name, last_name, world_ranking, region, age_category, is_rookie, is_amateur) VALUES ('00000000-0000-0000-0000-000000000001', '00000000-0000-0000-0000-000000000005', 'Kurt Kitayama', 'Kurt', 'Kitayama', 35, 'United States', NULL, true, false);
INSERT INTO golfers (tournament_id, group_id, name, first_name, last_name, world_ranking, region, age_category, is_rookie, is_amateur) VALUES ('00000000-0000-0000-0000-000000000001', '00000000-0000-0000-0000-000000000005', 'Nicolai Hojgaard', 'Nicolai', 'Hojgaard', 36, 'Europe', 'Under 30', false, false);
INSERT INTO golfers (tournament_id, group_id, name, first_name, last_name, world_ranking, region, age_category, is_rookie, is_amateur) VALUES ('00000000-0000-0000-0000-000000000001', '00000000-0000-0000-0000-000000000005', 'Marco Penge', 'Marco', 'Penge', 37, 'Europe', NULL, true, false);
INSERT INTO golfers (tournament_id, group_id, name, first_name, last_name, world_ranking, region, age_category, is_rookie, is_amateur) VALUES ('00000000-0000-0000-0000-000000000001', '00000000-0000-0000-0000-000000000005', 'Daniel Berger', 'Daniel', 'Berger', 38, 'United States', NULL, false, false);
INSERT INTO golfers (tournament_id, group_id, name, first_name, last_name, world_ranking, region, age_category, is_rookie, is_amateur) VALUES ('00000000-0000-0000-0000-000000000001', '00000000-0000-0000-0000-000000000005', 'Nico Echavarria', 'Nico', 'Echavarria', 39, 'International', NULL, false, false);
INSERT INTO golfers (tournament_id, group_id, name, first_name, last_name, world_ranking, region, age_category, is_rookie, is_amateur) VALUES ('00000000-0000-0000-0000-000000000001', '00000000-0000-0000-0000-000000000005', 'Aaron Rai', 'Aaron', 'Rai', 40, 'Europe', NULL, false, false);
INSERT INTO golfers (tournament_id, group_id, name, first_name, last_name, world_ranking, region, age_category, is_rookie, is_amateur) VALUES ('00000000-0000-0000-0000-000000000001', '00000000-0000-0000-0000-000000000005', 'Jason Day', 'Jason', 'Day', 41, 'International', NULL, false, false);
INSERT INTO golfers (tournament_id, group_id, name, first_name, last_name, world_ranking, region, age_category, is_rookie, is_amateur) VALUES ('00000000-0000-0000-0000-000000000001', '00000000-0000-0000-0000-000000000005', 'Jake Knapp', 'Jake', 'Knapp', 42, 'United States', NULL, true, false);
INSERT INTO golfers (tournament_id, group_id, name, first_name, last_name, world_ranking, region, age_category, is_rookie, is_amateur) VALUES ('00000000-0000-0000-0000-000000000001', '00000000-0000-0000-0000-000000000005', 'Corey Conners', 'Corey', 'Conners', 43, 'International', NULL, false, false);
INSERT INTO golfers (tournament_id, group_id, name, first_name, last_name, world_ranking, region, age_category, is_rookie, is_amateur) VALUES ('00000000-0000-0000-0000-000000000001', '00000000-0000-0000-0000-000000000005', 'Sam Stevens', 'Sam', 'Stevens', 44, 'United States', 'Under 30', true, false);
INSERT INTO golfers (tournament_id, group_id, name, first_name, last_name, world_ranking, region, age_category, is_rookie, is_amateur) VALUES ('00000000-0000-0000-0000-000000000001', '00000000-0000-0000-0000-000000000005', 'Michael Brennan', 'Michael', 'Brennan', 45, 'United States', 'Under 30', true, false);
INSERT INTO golfers (tournament_id, group_id, name, first_name, last_name, world_ranking, region, age_category, is_rookie, is_amateur) VALUES ('00000000-0000-0000-0000-000000000001', '00000000-0000-0000-0000-000000000005', 'Matt McCarty', 'Matt', 'McCarty', 46, 'United States', 'Under 30', false, false);
INSERT INTO golfers (tournament_id, group_id, name, first_name, last_name, world_ranking, region, age_category, is_rookie, is_amateur) VALUES ('00000000-0000-0000-0000-000000000001', '00000000-0000-0000-0000-000000000005', 'Andrew Novak', 'Andrew', 'Novak', 47, 'United States', NULL, true, false);
INSERT INTO golfers (tournament_id, group_id, name, first_name, last_name, world_ranking, region, age_category, is_rookie, is_amateur) VALUES ('00000000-0000-0000-0000-000000000001', '00000000-0000-0000-0000-000000000005', 'Ryan Fox', 'Ryan', 'Fox', 48, 'International', NULL, true, false);
INSERT INTO golfers (tournament_id, group_id, name, first_name, last_name, world_ranking, region, age_category, is_rookie, is_amateur) VALUES ('00000000-0000-0000-0000-000000000001', '00000000-0000-0000-0000-000000000005', 'Kristoffer Reitan', 'Kristoffer', 'Reitan', 49, 'Europe', 'Under 30', true, false);
INSERT INTO golfers (tournament_id, group_id, name, first_name, last_name, world_ranking, region, age_category, is_rookie, is_amateur) VALUES ('00000000-0000-0000-0000-000000000001', '00000000-0000-0000-0000-000000000005', 'Brian Harman', 'Brian', 'Harman', 50, 'United States', NULL, false, false);
INSERT INTO golfers (tournament_id, group_id, name, first_name, last_name, world_ranking, region, age_category, is_rookie, is_amateur) VALUES ('00000000-0000-0000-0000-000000000001', '00000000-0000-0000-0000-000000000006', 'Gary Woodland', 'Gary', 'Woodland', 51, 'United States', 'Over 40', false, false);
INSERT INTO golfers (tournament_id, group_id, name, first_name, last_name, world_ranking, region, age_category, is_rookie, is_amateur) VALUES ('00000000-0000-0000-0000-000000000001', '00000000-0000-0000-0000-000000000006', 'Adam Scott', 'Adam', 'Scott', 53, 'International', 'Over 40', false, false);
INSERT INTO golfers (tournament_id, group_id, name, first_name, last_name, world_ranking, region, age_category, is_rookie, is_amateur) VALUES ('00000000-0000-0000-0000-000000000001', '00000000-0000-0000-0000-000000000006', 'Rasmus Hojgaard', 'Rasmus', 'Hojgaard', 55, 'Europe', 'Under 30', false, false);
INSERT INTO golfers (tournament_id, group_id, name, first_name, last_name, world_ranking, region, age_category, is_rookie, is_amateur) VALUES ('00000000-0000-0000-0000-000000000001', '00000000-0000-0000-0000-000000000006', 'Michael Kim', 'Michael', 'Kim', 56, 'United States', NULL, false, false);
INSERT INTO golfers (tournament_id, group_id, name, first_name, last_name, world_ranking, region, age_category, is_rookie, is_amateur) VALUES ('00000000-0000-0000-0000-000000000001', '00000000-0000-0000-0000-000000000006', 'Sami Valimaki', 'Sami', 'Valimaki', 57, 'Europe', 'Under 30', true, false);
INSERT INTO golfers (tournament_id, group_id, name, first_name, last_name, world_ranking, region, age_category, is_rookie, is_amateur) VALUES ('00000000-0000-0000-0000-000000000001', '00000000-0000-0000-0000-000000000006', 'Harry Hall', 'Harry', 'Hall', 59, 'Europe', 'Under 30', true, false);
INSERT INTO golfers (tournament_id, group_id, name, first_name, last_name, world_ranking, region, age_category, is_rookie, is_amateur) VALUES ('00000000-0000-0000-0000-000000000001', '00000000-0000-0000-0000-000000000006', 'Johnny Keefer', 'Johnny', 'Keefer', 60, 'United States', 'Under 30', true, false);
INSERT INTO golfers (tournament_id, group_id, name, first_name, last_name, world_ranking, region, age_category, is_rookie, is_amateur) VALUES ('00000000-0000-0000-0000-000000000001', '00000000-0000-0000-0000-000000000006', 'Max Greyserman', 'Max', 'Greyserman', 62, 'United States', NULL, false, false);
INSERT INTO golfers (tournament_id, group_id, name, first_name, last_name, world_ranking, region, age_category, is_rookie, is_amateur) VALUES ('00000000-0000-0000-0000-000000000001', '00000000-0000-0000-0000-000000000006', 'Jordan Spieth', 'Jordan', 'Spieth', 63, 'United States', NULL, false, false);
INSERT INTO golfers (tournament_id, group_id, name, first_name, last_name, world_ranking, region, age_category, is_rookie, is_amateur) VALUES ('00000000-0000-0000-0000-000000000001', '00000000-0000-0000-0000-000000000006', 'Nick Taylor', 'Nick', 'Taylor', 66, 'International', NULL, false, false);
INSERT INTO golfers (tournament_id, group_id, name, first_name, last_name, world_ranking, region, age_category, is_rookie, is_amateur) VALUES ('00000000-0000-0000-0000-000000000001', '00000000-0000-0000-0000-000000000006', 'Rasmus Neergaard-Petersen', 'Rasmus', 'Neergaard-Petersen', 68, 'Europe', 'Under 30', true, false);
INSERT INTO golfers (tournament_id, group_id, name, first_name, last_name, world_ranking, region, age_category, is_rookie, is_amateur) VALUES ('00000000-0000-0000-0000-000000000001', '00000000-0000-0000-0000-000000000006', 'Casey Jarvis', 'Casey', 'Jarvis', 69, 'International', 'Under 30', true, false);
INSERT INTO golfers (tournament_id, group_id, name, first_name, last_name, world_ranking, region, age_category, is_rookie, is_amateur) VALUES ('00000000-0000-0000-0000-000000000001', '00000000-0000-0000-0000-000000000006', 'Sungjae Im', 'Sungjae', 'Im', 70, 'International', 'Under 30', false, false);
INSERT INTO golfers (tournament_id, group_id, name, first_name, last_name, world_ranking, region, age_category, is_rookie, is_amateur) VALUES ('00000000-0000-0000-0000-000000000001', '00000000-0000-0000-0000-000000000007', 'Wyndham Clark', 'Wyndham', 'Clark', 75, 'United States', NULL, false, false);
INSERT INTO golfers (tournament_id, group_id, name, first_name, last_name, world_ranking, region, age_category, is_rookie, is_amateur) VALUES ('00000000-0000-0000-0000-000000000001', '00000000-0000-0000-0000-000000000007', 'Aldrich Potgieter', 'Aldrich', 'Potgieter', 77, 'International', 'Under 30', true, false);
INSERT INTO golfers (tournament_id, group_id, name, first_name, last_name, world_ranking, region, age_category, is_rookie, is_amateur) VALUES ('00000000-0000-0000-0000-000000000001', '00000000-0000-0000-0000-000000000007', 'Haotong Li', 'Haotong', 'Li', 81, 'International', NULL, true, false);
INSERT INTO golfers (tournament_id, group_id, name, first_name, last_name, world_ranking, region, age_category, is_rookie, is_amateur) VALUES ('00000000-0000-0000-0000-000000000001', '00000000-0000-0000-0000-000000000007', 'Davis Riley', 'Davis', 'Riley', NULL, 'United States', NULL, false, false);
INSERT INTO golfers (tournament_id, group_id, name, first_name, last_name, world_ranking, region, age_category, is_rookie, is_amateur) VALUES ('00000000-0000-0000-0000-000000000001', '00000000-0000-0000-0000-000000000007', 'Carlos Ortiz', 'Carlos', 'Ortiz', NULL, 'International', NULL, true, false);
INSERT INTO golfers (tournament_id, group_id, name, first_name, last_name, world_ranking, region, age_category, is_rookie, is_amateur) VALUES ('00000000-0000-0000-0000-000000000001', '00000000-0000-0000-0000-000000000007', 'Naoyuki Kataoka', 'Naoyuki', 'Kataoka', NULL, 'International', 'Under 30', true, false);
INSERT INTO golfers (tournament_id, group_id, name, first_name, last_name, world_ranking, region, age_category, is_rookie, is_amateur) VALUES ('00000000-0000-0000-0000-000000000001', '00000000-0000-0000-0000-000000000007', 'Tom McKibbin', 'Tom', 'McKibbin', NULL, 'Europe', 'Under 30', true, false);
INSERT INTO golfers (tournament_id, group_id, name, first_name, last_name, world_ranking, region, age_category, is_rookie, is_amateur) VALUES ('00000000-0000-0000-0000-000000000001', '00000000-0000-0000-0000-000000000007', 'Max Homa', 'Max', 'Homa', NULL, 'United States', NULL, false, false);
INSERT INTO golfers (tournament_id, group_id, name, first_name, last_name, world_ranking, region, age_category, is_rookie, is_amateur) VALUES ('00000000-0000-0000-0000-000000000001', '00000000-0000-0000-0000-000000000007', 'Brooks Koepka', 'Brooks', 'Koepka', NULL, 'United States', NULL, false, false);
INSERT INTO golfers (tournament_id, group_id, name, first_name, last_name, world_ranking, region, age_category, is_rookie, is_amateur) VALUES ('00000000-0000-0000-0000-000000000001', '00000000-0000-0000-0000-000000000007', 'Cameron Smith', 'Cameron', 'Smith', NULL, 'International', NULL, false, false);
INSERT INTO golfers (tournament_id, group_id, name, first_name, last_name, world_ranking, region, age_category, is_rookie, is_amateur) VALUES ('00000000-0000-0000-0000-000000000001', '00000000-0000-0000-0000-000000000007', 'Danny Willett', 'Danny', 'Willett', NULL, 'Europe', NULL, false, false);
INSERT INTO golfers (tournament_id, group_id, name, first_name, last_name, world_ranking, region, age_category, is_rookie, is_amateur) VALUES ('00000000-0000-0000-0000-000000000001', '00000000-0000-0000-0000-000000000008', 'Angel Cabrera', 'Angel', 'Cabrera', NULL, 'International', 'Over 40', false, false);
INSERT INTO golfers (tournament_id, group_id, name, first_name, last_name, world_ranking, region, age_category, is_rookie, is_amateur) VALUES ('00000000-0000-0000-0000-000000000001', '00000000-0000-0000-0000-000000000008', 'Fred Couples', 'Fred', 'Couples', NULL, 'United States', 'Over 40', false, false);
INSERT INTO golfers (tournament_id, group_id, name, first_name, last_name, world_ranking, region, age_category, is_rookie, is_amateur) VALUES ('00000000-0000-0000-0000-000000000001', '00000000-0000-0000-0000-000000000008', 'Sergio Garcia', 'Sergio', 'Garcia', NULL, 'Europe', 'Over 40', false, false);
INSERT INTO golfers (tournament_id, group_id, name, first_name, last_name, world_ranking, region, age_category, is_rookie, is_amateur) VALUES ('00000000-0000-0000-0000-000000000001', '00000000-0000-0000-0000-000000000008', 'Dustin Johnson', 'Dustin', 'Johnson', NULL, 'United States', 'Over 40', false, false);
INSERT INTO golfers (tournament_id, group_id, name, first_name, last_name, world_ranking, region, age_category, is_rookie, is_amateur) VALUES ('00000000-0000-0000-0000-000000000001', '00000000-0000-0000-0000-000000000008', 'Zach Johnson', 'Zach', 'Johnson', NULL, 'United States', 'Over 40', false, false);
INSERT INTO golfers (tournament_id, group_id, name, first_name, last_name, world_ranking, region, age_category, is_rookie, is_amateur) VALUES ('00000000-0000-0000-0000-000000000001', '00000000-0000-0000-0000-000000000008', 'Jose Maria Olazabal', 'Jose', 'Maria Olazabal', NULL, 'Europe', 'Over 40', false, false);
INSERT INTO golfers (tournament_id, group_id, name, first_name, last_name, world_ranking, region, age_category, is_rookie, is_amateur) VALUES ('00000000-0000-0000-0000-000000000001', '00000000-0000-0000-0000-000000000008', 'Charl Schwartzel', 'Charl', 'Schwartzel', NULL, 'International', 'Over 40', false, false);
INSERT INTO golfers (tournament_id, group_id, name, first_name, last_name, world_ranking, region, age_category, is_rookie, is_amateur) VALUES ('00000000-0000-0000-0000-000000000001', '00000000-0000-0000-0000-000000000008', 'Vijay Singh', 'Vijay', 'Singh', NULL, 'International', 'Over 40', false, false);
INSERT INTO golfers (tournament_id, group_id, name, first_name, last_name, world_ranking, region, age_category, is_rookie, is_amateur) VALUES ('00000000-0000-0000-0000-000000000001', '00000000-0000-0000-0000-000000000008', 'Bubba Watson', 'Bubba', 'Watson', NULL, 'United States', 'Over 40', false, false);
INSERT INTO golfers (tournament_id, group_id, name, first_name, last_name, world_ranking, region, age_category, is_rookie, is_amateur) VALUES ('00000000-0000-0000-0000-000000000001', '00000000-0000-0000-0000-000000000008', 'Mike Weir', 'Mike', 'Weir', NULL, 'International', 'Over 40', false, false);
INSERT INTO golfers (tournament_id, group_id, name, first_name, last_name, world_ranking, region, age_category, is_rookie, is_amateur) VALUES ('00000000-0000-0000-0000-000000000001', '00000000-0000-0000-0000-000000000008', 'Jackson Herrington', 'Jackson', 'Herrington', NULL, 'United States', 'Under 30', true, true);
INSERT INTO golfers (tournament_id, group_id, name, first_name, last_name, world_ranking, region, age_category, is_rookie, is_amateur) VALUES ('00000000-0000-0000-0000-000000000001', '00000000-0000-0000-0000-000000000008', 'Mason Howell', 'Mason', 'Howell', NULL, 'United States', 'Under 30', true, true);
INSERT INTO golfers (tournament_id, group_id, name, first_name, last_name, world_ranking, region, age_category, is_rookie, is_amateur) VALUES ('00000000-0000-0000-0000-000000000001', '00000000-0000-0000-0000-000000000008', 'Ethan Fang', 'Ethan', 'Fang', NULL, 'United States', 'Under 30', true, true);
INSERT INTO golfers (tournament_id, group_id, name, first_name, last_name, world_ranking, region, age_category, is_rookie, is_amateur) VALUES ('00000000-0000-0000-0000-000000000001', '00000000-0000-0000-0000-000000000008', 'Fifa Laopakdee', 'Fifa', 'Laopakdee', NULL, 'International', 'Under 30', true, true);
INSERT INTO golfers (tournament_id, group_id, name, first_name, last_name, world_ranking, region, age_category, is_rookie, is_amateur) VALUES ('00000000-0000-0000-0000-000000000001', '00000000-0000-0000-0000-000000000008', 'Mateo Pulcini', 'Mateo', 'Pulcini', NULL, 'International', 'Under 30', true, true);
INSERT INTO golfers (tournament_id, group_id, name, first_name, last_name, world_ranking, region, age_category, is_rookie, is_amateur) VALUES ('00000000-0000-0000-0000-000000000001', '00000000-0000-0000-0000-000000000008', 'Brandon Holtz', 'Brandon', 'Holtz', NULL, 'United States', 'Under 30', true, true);
